DATE_SCRUTIN;NOM_CIRCONSCRIPTION;CODE_CIRCONSCRIPTION;NOMBRE_ELECTEURS_AU_DECRET;NOMBRE_ELECTEURS_APRES_REVISION_ORDINAIRE;NOMBRE_ELECTEURS_APRES_REVISION_SPECIALE
2026-10-05;Abitibi-Est;689;33421;33429;33435
2026-10-05;Abitibi-Ouest;681;35359;35291;35297
2026-10-05;Acadie;299;49937;50139;50260
2026-10-05;Anjou-Louis-Riel;833;41335;41453;41513
2026-10-05;Argenteuil;589;42989;43001;43031
2026-10-05;Arthabaska-L'Érable;147;61868;61872;61899
2026-10-05;Beauce-Nord;781;46549;46578;46638
2026-10-05;Beauce-Sud;777;50761;50762;50806
2026-10-05;Beauharnois;179;59767;59845;59914
2026-10-05;Bellechasse;797;46149;46173;46176
2026-10-05;Bellefeuille;591;45279;45339;45350
2026-10-05;Berthier;627;53939;53987;54013
2026-10-05;Bertrand;641;59914;59960;60020
2026-10-05;Blainville;607;62280;62316;62415
2026-10-05;Bonaventure;837;35864;35842;35863
2026-10-05;Borduas;237;58595;58591;58681
2026-10-05;Bourassa-Sauvé;327;44066;44161;44262
2026-10-05;Brome-Missisquoi;157;57369;57397;57463
2026-10-05;Camille-Laurin;337;49084;49193;49366
2026-10-05;Chambly;207;54342;54414;54491
2026-10-05;Champlain;701;60661;60692;60778
2026-10-05;Chapleau;667;58916;59068;59175
2026-10-05;Charlesbourg;767;57485;57553;57677
2026-10-05;Charlevoix-Côte-de-Beaupré;771;55904;55920;55981
2026-10-05;Châteauguay;191;56790;56908;57052
2026-10-05;Chauveau;769;59824;59887;59959
2026-10-05;Chicoutimi;821;45772;45787;45816
2026-10-05;Chomedey;351;56887;57023;57168
2026-10-05;Chutes-de-la-Chaudière;789;61947;62021;62094
2026-10-05;Côte-du-Sud;799;50522;50539;50570
2026-10-05;Daniel-Johnson;131;49410;49446;49444
2026-10-05;D'Arcy-McGee;277;56631;56790;56873
2026-10-05;Deux-Montagnes;581;50335;50427;50543
2026-10-05;Drummond-Bois-Francs;141;53549;53578;53590
2026-10-05;Dubuc;819;43080;43118;43146
2026-10-05;Duplessis;813;37076;37073;37086
2026-10-05;Fabre;357;58413;58513;58638
2026-10-05;Gaspé;809;30082;30067;30078
2026-10-05;Gatineau;661;61707;61818;61868
2026-10-05;Gouin;311;42595;42923;43048
2026-10-05;Granby;159;58940;59023;59098
2026-10-05;Groulx;577;54140;54163;54232
2026-10-05;Hochelaga-Maisonneuve;317;40308;40601;40887
2026-10-05;Hull;651;60622;60768;60930
2026-10-05;Huntingdon;171;50279;50293;50345
2026-10-05;Iberville;161;51324;51350;51380
2026-10-05;Îles-de-la-Madeleine;811;11151;11138;11146
2026-10-05;Jacques-Cartier;259;48241;48313;48453
2026-10-05;Jean-Lesage;757;44159;44373;44566
2026-10-05;Jeanne-Mance-Viger;331;49776;49923;50058
2026-10-05;Jean-Talon;707;47187;47454;47679
2026-10-05;Joliette;629;59280;59329;59374
2026-10-05;Jonquière;823;45307;45351;45386
2026-10-05;Labelle;649;54333;54338;54377
2026-10-05;Lac-Saint-Jean;827;44702;44702;44713
2026-10-05;LaFontaine;339;42386;42472;42578
2026-10-05;La Peltrie;729;59417;59581;59716
2026-10-05;La Pinière;201;58488;58651;58855
2026-10-05;La Prairie;199;50658;50763;50821
2026-10-05;L'Assomption;621;57087;57133;57180
2026-10-05;Laurier-Dorion;307;43970;44227;44350
2026-10-05;Laval-des-Rapides;347;56436;56583;56709
2026-10-05;Laviolette-Saint-Maurice;697;60780;60799;60858
2026-10-05;Les Plaines;601;49764;49831;49881
2026-10-05;Lévis;791;53708;53844;53974
2026-10-05;Lotbinière-Frontenac;787;59506;59511;59573
2026-10-05;Louis-Hébert;709;48098;48095;48123
2026-10-05;Marguerite-Bourgeoys;251;53038;53184;53329
2026-10-05;Marie-Lacoste-Gérin-Lajoie;139;46305;46339;46348
2026-10-05;Marie-Victorin;219;44352;44506;44615
2026-10-05;Marquette;257;45400;45446;45536
2026-10-05;Maskinongé;693;48211;48231;48299
2026-10-05;Masson;611;55226;55296;55391
2026-10-05;Matane-Matapédia-Mitis;807;46483;46468;46509
2026-10-05;Maurice-Richard;301;45737;45922;46030
2026-10-05;Mégantic;117;51853;51870;51892
2026-10-05;Mercier;313;44882;45268;45466
2026-10-05;Mille-Îles;571;49876;49971;50067
2026-10-05;Mirabel;587;55216;55302;55314
2026-10-05;Montarville;227;53782;53785;53844
2026-10-05;Montmorency;761;58039;58127;58169
2026-10-05;Mont-Royal-Outremont;297;58525;58739;58920
2026-10-05;Nelligan;261;58035;58134;58260
2026-10-05;Nicolet-Bécancour;151;41189;41190;41190
2026-10-05;Notre-Dame-de-Grâce;279;47042;47126;47267
2026-10-05;Orford;127;47770;47756;47872
2026-10-05;Papineau;669;60742;60829;60914
2026-10-05;Pierre-Laporte;217;52893;53008;53125
2026-10-05;Pointe-aux-Trembles;341;40142;40231;40320
2026-10-05;Pontiac;657;56214;56316;56396
2026-10-05;Portneuf;727;56043;56081;56143
2026-10-05;Prévost;637;53233;53247;53338
2026-10-05;René-Lévesque;817;32005;31991;31994
2026-10-05;Repentigny;617;56605;56684;56810
2026-10-05;Richelieu;241;54120;54137;54197
2026-10-05;Richmond;137;59208;59254;59317
2026-10-05;Rimouski;803;46434;46476;46512
2026-10-05;Riv.-du-Loup-Témis.-Basques;801;52065;52075;52112
2026-10-05;Robert-Baldwin;267;55009;55076;55165
2026-10-05;Roberval;829;44555;44548;44568
2026-10-05;Rosemont;319;51843;52074;52227
2026-10-05;Rousseau;631;49416;49458;49470
2026-10-05;Rouyn-Noranda-Témiscamingue;671;44460;44444;44483
2026-10-05;Saint-François;119;54903;55004;55128
2026-10-05;Saint-Henri-Sainte-Anne;281;59640;60058;60303
2026-10-05;Saint-Hyacinthe;239;55577;55605;55678
2026-10-05;Saint-Jean;167;61489;61510;61630
2026-10-05;Saint-Jérôme;597;45919;45965;46073
2026-10-05;Saint-Laurent;271;59278;59519;59634
2026-10-05;Sainte-Marie-Saint-Jacques;287;42356;42588;42801
2026-10-05;Sainte-Rose;359;58051;58199;58354
2026-10-05;Sanguinet;197;45332;45422;45500
2026-10-05;Sherbrooke;121;53321;53497;53611
2026-10-05;Soulanges;181;58935;58980;58988
2026-10-05;Taillon;221;52058;52144;52308
2026-10-05;Taschereau;751;47998;48372;48533
2026-10-05;Terrebonne;609;55183;55232;55348
2026-10-05;Trois-Rivières;691;53912;54027;54099
2026-10-05;Ungava;831;30745;30732;30773
2026-10-05;Vachon;211;54006;54166;54272
2026-10-05;Vanier-Les Rivières;749;59393;59526;59670
2026-10-05;Vaudreuil;187;62243;62366;62499
2026-10-05;Verchères;231;56374;56391;56400
2026-10-05;Verdun;247;49455;49740;49960
2026-10-05;Viau;321;39166;39324;39447
2026-10-05;Vimont-Auteuil;569;46892;46963;47039
2026-10-05;Westmount-Saint-Louis;291;52574;52830;53027
